-- User

INSERT INTO user (id, username, email, password_hash, avatar_url, use_google, use_github, security_question, security_answer, status, create_at, update_at) VALUES ('ab9ef73b-14bf-4031-a199-2ae67ce7f341', 'tonglam', 'bluedragon00000@gmail.com', '$2b$12$R49DZkkWelMYoCv2.mCQeemIVKkCNrzuA3Vekq6PxMpIk4jqjJbmW', 'https://avatars.githubusercontent.com/u/19681829?v=4', 1, 1, 'What is your favorite color?', 'blue', 'ACTIVE', '2024-04-21 14:36:18.896100', '2024-04-21 15:31:20.425434');

-- Notice

INSERT INTO notice (id, user, subject, content, notice_type, status, create_at, update_at) VALUES (1, 'ab9ef73b-14bf-4031-a199-2ae67ce7f341', 'Notification: System', 'Announcement successfully!', 'System', 0, '2024-04-21 14:41:05.319818', '2024-04-21 14:41:05.319841');
INSERT INTO notice (id, user, subject, content, notice_type, status, create_at, update_at) VALUES (2, 'ab9ef73b-14bf-4031-a199-2ae67ce7f341', 'Notification: System', 'Announcement successfully!', 'System', 0, '2024-04-21 14:41:05.319818', '2024-04-21 14:41:05.319841');
INSERT INTO notice (id, user, subject, content, notice_type, status, create_at, update_at) VALUES (3, 'ab9ef73b-14bf-4031-a199-2ae67ce7f341', 'Notification: System', 'Announcement successfully!', 'System', 0, '2024-04-21 14:41:05.319818', '2024-04-21 14:41:05.319841');
INSERT INTO notice (id, user, subject, content, notice_type, status, create_at, update_at) VALUES (4, 'ab9ef73b-14bf-4031-a199-2ae67ce7f341', 'Notification: System', 'Announcement successfully!', 'System', 0, '2024-04-21 14:41:05.319818', '2024-04-21 14:41:05.319841');
INSERT INTO notice (id, user, subject, content, notice_type, status, create_at, update_at) VALUES (5, 'ab9ef73b-14bf-4031-a199-2ae67ce7f341', 'Notification: System', 'Announcement successfully!', 'System', 0, '2024-04-21 14:41:05.319818', '2024-04-21 14:41:05.319841');
INSERT INTO notice (id, user, subject, content, notice_type, status, create_at, update_at) VALUES (6, 'ab9ef73b-14bf-4031-a199-2ae67ce7f341', 'Notification: System', 'Announcement successfully!', 'System', 0, '2024-04-21 14:41:05.319818', '2024-04-21 14:41:05.319841');
INSERT INTO notice (id, user, subject, content, notice_type, status, create_at, update_at) VALUES (7, 'ab9ef73b-14bf-4031-a199-2ae67ce7f341', 'Notification: System', 'Announcement successfully!', 'System', 0, '2024-04-21 14:41:05.319818', '2024-04-21 14:41:05.319841');
INSERT INTO notice (id, user, subject, content, notice_type, status, create_at, update_at) VALUES (8, 'ab9ef73b-14bf-4031-a199-2ae67ce7f341', 'Notification: System', 'Announcement successfully!', 'System', 0, '2024-04-21 14:41:05.319818', '2024-04-21 14:41:05.319841');
INSERT INTO notice (id, user, subject, content, notice_type, status, create_at, update_at) VALUES (9, 'ab9ef73b-14bf-4031-a199-2ae67ce7f341', 'Notification: System', 'Announcement successfully!', 'System', 0, '2024-04-21 14:41:05.319818', '2024-04-21 14:41:05.319841');
INSERT INTO notice (id, user, subject, content, notice_type, status, create_at, update_at) VALUES (10, 'ab9ef73b-14bf-4031-a199-2ae67ce7f341', 'Notification: System', 'Announcement successfully!', 'System', 0, '2024-04-21 14:41:05.319818', '2024-04-21 14:41:05.319841');
INSERT INTO notice (id, user, subject, content, notice_type, status, create_at, update_at) VALUES (11, 'ab9ef73b-14bf-4031-a199-2ae67ce7f341', 'Notification: System', 'Announcement successfully!', 'System', 0, '2024-04-21 14:41:05.319818', '2024-04-21 14:41:05.319841');
INSERT INTO notice (id, user, subject, content, notice_type, status, create_at, update_at) VALUES (12, 'ab9ef73b-14bf-4031-a199-2ae67ce7f341', 'Notification: System', 'Announcement successfully!', 'System', 0, '2024-04-21 14:41:05.319818', '2024-04-21 14:41:05.319841');
INSERT INTO notice (id, user, subject, content, notice_type, status, create_at, update_at) VALUES (13, 'ab9ef73b-14bf-4031-a199-2ae67ce7f341', 'Notification: System', 'Announcement successfully!', 'System', 0, '2024-04-21 14:41:05.319818', '2024-04-21 14:41:05.319841');
INSERT INTO notice (id, user, subject, content, notice_type, status, create_at, update_at) VALUES (14, 'ab9ef73b-14bf-4031-a199-2ae67ce7f341', 'Notification: System', 'Announcement successfully!', 'System', 0, '2024-04-21 14:41:05.319818', '2024-04-21 14:41:05.319841');
INSERT INTO notice (id, user, subject, content, notice_type, status, create_at, update_at) VALUES (15, 'ab9ef73b-14bf-4031-a199-2ae67ce7f341', 'Notification: System', 'Announcement successfully!', 'System', 0, '2024-04-21 14:41:05.319818', '2024-04-21 14:41:05.319841');
INSERT INTO notice (id, user, subject, content, notice_type, status, create_at, update_at) VALUES (16, 'ab9ef73b-14bf-4031-a199-2ae67ce7f341', 'Notification: System', 'Announcement successfully!', 'System', 0, '2024-04-21 14:41:05.319818', '2024-04-21 14:41:05.319841');
INSERT INTO notice (id, user, subject, content, notice_type, status, create_at, update_at) VALUES (17, 'ab9ef73b-14bf-4031-a199-2ae67ce7f341', 'Notification: System', 'Announcement successfully!', 'System', 0, '2024-04-21 14:41:05.319818', '2024-04-21 14:41:05.319841');


-- Category

INSERT INTO category (id, name, create_at) VALUES (1, 'movie', '2024-04-22 05:36:18.786973');
INSERT INTO category (id, name, create_at) VALUES (2, 'sports', '2024-04-22 05:36:18.786973');
INSERT INTO category (id, name, create_at) VALUES (3, 'music', '2024-04-22 05:36:18.786973');
INSERT INTO category (id, name, create_at) VALUES (4, 'food', '2024-04-22 05:36:18.786973');
INSERT INTO category (id, name, create_at) VALUES (5, 'travel', '2024-04-22 05:36:18.786973');
INSERT INTO category (id, name, create_at) VALUES (6, 'technology', '2024-04-22 05:36:18.786973');

-- Tag

INSERT INTO tag (id, name, create_at) VALUES (1, 'LossRecovery', '2024-04-22 05:23:36.749344');
INSERT INTO tag (id, name, create_at) VALUES (2, 'QuestionCreation', '2024-04-22 05:23:36.749344');
INSERT INTO tag (id, name, create_at) VALUES (3, 'QuizMaking', '2024-04-22 05:23:36.749344');
INSERT INTO tag (id, name, create_at) VALUES (4, 'ProblemSolving', '2024-04-22 05:23:36.749344');
INSERT INTO tag (id, name, create_at) VALUES (5, 'CreativeChallenges', '2024-04-22 05:23:36.749344');
INSERT INTO tag (id, name, create_at) VALUES (6, 'AnalyticalThinking', '2024-04-22 05:23:36.749344');
INSERT INTO tag (id, name, create_at) VALUES (7, 'KnowledgeSeeking', '2024-04-22 05:23:36.749344');
INSERT INTO tag (id, name, create_at) VALUES (8, 'LearningJourney', '2024-04-22 05:23:36.749344');
INSERT INTO tag (id, name, create_at) VALUES (9, 'TestPreparation', '2024-04-22 05:23:36.749344');
INSERT INTO tag (id, name, create_at) VALUES (10, 'BrainTeasers', '2024-04-22 05:23:36.749344');

-- Community

INSERT INTO community (id, name, category, description, avatar, create_at, update_at) VALUES (1, 'Cinema Club', 1, 'A community for movie enthusiasts to discuss the latest films, classic cinema, and film industry trends.', '', '2024-04-22 05:23:36.740414', '2024-04-22 05:23:36.740436');
INSERT INTO community (id, name, category, description, avatar, create_at, update_at) VALUES (2, 'All Sports Forum', 2, 'Whether you''re into football, basketball, or swimming, this is the place to share news, strategies, and game analyses.', '', '2024-04-22 05:23:36.740414', '2024-04-22 05:23:36.740436');
INSERT INTO community (id, name, category, description, avatar, create_at, update_at) VALUES (3, 'Melody Makers', 3, 'A haven for music lovers to discuss different genres, latest releases, and concerts.', '', '2024-04-22 05:23:36.740414', '2024-04-22 05:23:36.740436');
INSERT INTO community (id, name, category, description, avatar, create_at, update_at) VALUES (4, 'Foodie Friends', 4, 'From recipes to restaurant reviews, connect with fellow foodies and share your culinary adventures.', '', '2024-04-22 05:23:36.740414', '2024-04-22 05:23:36.740436');
INSERT INTO community (id, name, category, description, avatar, create_at, update_at) VALUES (5, 'Globe Trotters', 5, 'Join a community of travelers sharing experiences, tips, and photos from around the world.', '', '2024-04-22 05:23:36.740414', '2024-04-22 05:23:36.740436');
INSERT INTO community (id, name, category, description, avatar, create_at, update_at) VALUES (6, 'Tech Innovators', 6, 'Discuss the latest in technology, from cutting-edge gadgets to software developments.', '', '2024-04-22 05:23:36.740414', '2024-04-22 05:23:36.740436');
INSERT INTO community (id, name, category, description, avatar, create_at, update_at) VALUES (7, 'Artistic Minds', 1, 'Explore creativity and artistic expression in this community dedicated to the arts, from painting to sculpture.', '', '2024-04-22 05:23:36.740414', '2024-04-22 05:23:36.740436');
INSERT INTO community (id, name, category, description, avatar, create_at, update_at) VALUES (8, 'Fitness Fanatics', 2, 'Join fellow fitness enthusiasts to share workout routines, diet tips, and motivation for a healthier lifestyle.', '', '2024-04-22 05:23:36.740414', '2024-04-22 05:23:36.740436');
INSERT INTO community (id, name, category, description, avatar, create_at, update_at) VALUES (9, 'Soundtrack Junkies', 3, 'Love movie soundtracks? This community is for fans of film scores and soundtrack aficionados to discuss their favorite compositions.', '', '2024-04-22 05:23:36.740414', '2024-04-22 05:23:36.740436');
INSERT INTO community (id, name, category, description, avatar, create_at, update_at) VALUES (10, 'Culinary Creators', 4, 'Share your passion for cooking and baking with a community of fellow culinary creators. Exchange recipes, cooking techniques, and culinary inspirations.', '', '2024-04-22 05:23:36.740414', '2024-04-22 05:23:36.740436');

-- Request

INSERT INTO request (id, community, author, title, content, category, view_num, like_num, reply_num, save_num, create_at, update_at) VALUES (1, 1, 'ab9ef73b-14bf-4031-a199-2ae67ce7f341', 'What a great movie!', 'Just watched the latest blockbuster at the Cinema Club. It was amazing!', 1, 42, 18, 10, 22, '2024-04-22 05:23:36.747296', '2024-04-22 05:23:36.747314');
INSERT INTO request (id, community, author, title, content, category, view_num, like_num, reply_num, save_num, create_at, update_at) VALUES (2, 2, 'ab9ef73b-14bf-4031-a199-2ae67ce7f341', 'Exciting game last night!', 'The All Sports Forum never disappoints. Let''s discuss last night''s game.', 2, 34, 27, 15, 18, '2024-04-22 05:23:36.747296', '2024-04-22 05:23:36.747314');
INSERT INTO request (id, community, author, title, content, category, view_num, like_num, reply_num, save_num, create_at, update_at) VALUES (3, 3, 'ab9ef73b-14bf-4031-a199-2ae67ce7f341', 'New favorite song!', 'Discovered a new track at Melody Makers. It''s been on repeat all day!', 3, 57, 42, 20, 32, '2024-04-22 05:23:36.747296', '2024-04-22 05:23:36.747314');
INSERT INTO request (id, community, author, title, content, category, view_num, like_num, reply_num, save_num, create_at, update_at) VALUES (4, 4, 'ab9ef73b-14bf-4031-a199-2ae67ce7f341', 'Amazing recipe find!', 'Found the most delicious recipe at Foodie Friends. Can''t wait to try it out!', 4, 71, 58, 30, 42, '2024-04-22 05:23:36.747296', '2024-04-22 05:23:36.747314');
INSERT INTO request (id, community, author, title, content, category, view_num, like_num, reply_num, save_num, create_at, update_at) VALUES (5, 5, 'ab9ef73b-14bf-4031-a199-2ae67ce7f341', 'Dream destination', 'Globe Trotters inspired me to plan my next adventure. Where should I go next?', 5, 89, 75, 40, 52, '2024-04-22 05:23:36.747296', '2024-04-22 05:23:36.747314');
INSERT INTO request (id, community, author, title, content, category, view_num, like_num, reply_num, save_num, create_at, update_at) VALUES (6, 6, 'ab9ef73b-14bf-4031-a199-2ae67ce7f341', 'Tech innovation discussion', 'Tech Innovators always has the latest tech news. Let''s dive into the newest innovations.', 6, 103, 90, 55, 62, '2024-04-22 05:23:36.747296', '2024-04-22 05:23:36.747314');
INSERT INTO request (id, community, author, title, content, category, view_num, like_num, reply_num, save_num, create_at, update_at) VALUES (7, 7, 'ab9ef73b-14bf-4031-a199-2ae67ce7f341', 'Artistic expressions', 'Artistic Minds is a place for creative minds to share ideas and inspiration. Let''s create together!', 1, 46, 35, 18, 28, '2024-04-22 05:23:36.747296', '2024-04-22 05:23:36.747314');
INSERT INTO request (id, community, author, title, content, category, view_num, like_num, reply_num, save_num, create_at, update_at) VALUES (8, 8, 'ab9ef73b-14bf-4031-a199-2ae67ce7f341', 'Workout motivation needed', 'Looking for some motivation at Fitness Fanatics. Share your favorite workout routines!', 2, 52, 41, 23, 36, '2024-04-22 05:23:36.747296', '2024-04-22 05:23:36.747314');
INSERT INTO request (id, community, author, title, content, category, view_num, like_num, reply_num, save_num, create_at, update_at) VALUES (9, 9, 'ab9ef73b-14bf-4031-a199-2ae67ce7f341', 'Epic soundtrack discovery', 'Soundtrack Junkies introduced me to a new soundtrack. Can''t stop listening!', 3, 65, 53, 28, 44, '2024-04-22 05:23:36.747296', '2024-04-22 05:23:36.747314');
INSERT INTO request (id, community, author, title, content, category, view_num, like_num, reply_num, save_num, create_at, update_at) VALUES (10, 10, 'ab9ef73b-14bf-4031-a199-2ae67ce7f341', 'Creative cooking ideas', 'Culinary Creators shared some unique recipes. Let''s get cooking!', 4, 79, 65, 35, 52, '2024-04-22 05:23:36.747296', '2024-04-22 05:23:36.747314');

-- Reply

INSERT INTO reply (id, request, replier, content, source, like_num, save_num, create_at, update_at) VALUES (1, 1, 'ab9ef73b-14bf-4031-a199-2ae67ce7f341', 'I agree! The movie was fantastic.', 'HUMAN', 12, 8, '2024-04-22 05:23:36.740414', '2024-04-22 05:23:36.740436');
INSERT INTO reply (id, request, replier, content, source, like_num, save_num, create_at, update_at) VALUES (2, 1, 'ab9ef73b-14bf-4031-a199-2ae67ce7f341', 'I think the ending was a bit predictable, but overall it was enjoyable.', 'HUMAN', 6, 3, '2024-04-22 05:23:36.740414', '2024-04-22 05:23:36.740436');
INSERT INTO reply (id, request, replier, content, source, like_num, save_num, create_at, update_at) VALUES (3, 2, 'ab9ef73b-14bf-4031-a199-2ae67ce7f341', 'The game last night was intense! Did you see that winning goal?', 'HUMAN', 25, 15, '2024-04-22 05:23:36.740414', '2024-04-22 05:23:36.740436');
INSERT INTO reply (id, request, replier, content, source, like_num, save_num, create_at, update_at) VALUES (4, 2, 'ab9ef73b-14bf-4031-a199-2ae67ce7f341', 'I missed the game, but I heard about that goal! Sounds like it was amazing.', 'HUMAN', 8, 5, '2024-04-22 05:23:36.740414', '2024-04-22 05:23:36.740436');
INSERT INTO reply (id, request, replier, content, source, like_num, save_num, create_at, update_at) VALUES (5, 3, 'ab9ef73b-14bf-4031-a199-2ae67ce7f341', 'I love this song! It always puts me in a good mood.', 'HUMAN', 18, 10, '2024-04-22 05:23:36.740414', '2024-04-22 05:23:36.740436');
INSERT INTO reply (id, request, replier, content, source, like_num, save_num, create_at, update_at) VALUES (6, 3, 'ab9ef73b-14bf-4031-a199-2ae67ce7f341', 'The lyrics are so meaningful. It''s one of my favorites.', 'HUMAN', 14, 7, '2024-04-22 05:23:36.740414', '2024-04-22 05:23:36.740436');
INSERT INTO reply (id, request, replier, content, source, like_num, save_num, create_at, update_at) VALUES (7, 4, 'ab9ef73b-14bf-4031-a199-2ae67ce7f341', 'That recipe looks delicious! I''m definitely going to try making it this weekend.', 'HUMAN', 32, 20, '2024-04-22 05:23:36.740414', '2024-04-22 05:23:36.740436');
INSERT INTO reply (id, request, replier, content, source, like_num, save_num, create_at, update_at) VALUES (8, 4, 'ab9ef73b-14bf-4031-a199-2ae67ce7f341', 'I made this last week and it turned out great! Highly recommend it.', 'HUMAN', 28, 18, '2024-04-22 05:23:36.740414', '2024-04-22 05:23:36.740436');
INSERT INTO reply (id, request, replier, content, source, like_num, save_num, create_at, update_at) VALUES (9, 5, 'ab9ef73b-14bf-4031-a199-2ae67ce7f341', 'Traveling is such an amazing experience. I''ve been to some incredible places.', 'HUMAN', 45, 30, '2024-04-22 05:23:36.740414', '2024-04-22 05:23:36.740436');
INSERT INTO reply (id, request, replier, content, source, like_num, save_num, create_at, update_at) VALUES (10, 5, 'ab9ef73b-14bf-4031-a199-2ae67ce7f341', 'I agree! It''s always so exciting to explore new cultures and landscapes.', 'HUMAN', 38, 25, '2024-04-22 05:23:36.740414', '2024-04-22 05:23:36.740436');

-- User Record

INSERT INTO user_record (id, user_id, request_id, record_type, update_at) VALUES (1, 'ab9ef73b-14bf-4031-a199-2ae67ce7f341', 1, 'REQUEST', '2024-04-22 05:23:36.740414');
INSERT INTO user_record (id, user_id, request_id, record_type, update_at) VALUES (2, 'ab9ef73b-14bf-4031-a199-2ae67ce7f341', 2, 'REQUEST', '2024-04-22 05:23:36.740414');
INSERT INTO user_record (id, user_id, request_id, record_type, update_at) VALUES (3, 'ab9ef73b-14bf-4031-a199-2ae67ce7f341', 3, 'REQUEST', '2024-04-22 05:23:36.740414');
INSERT INTO user_record (id, user_id, request_id, record_type, update_at) VALUES (4, 'ab9ef73b-14bf-4031-a199-2ae67ce7f341', 4, 'REQUEST', '2024-04-22 05:23:36.740414');
INSERT INTO user_record (id, user_id, request_id, record_type, update_at) VALUES (5, 'ab9ef73b-14bf-4031-a199-2ae67ce7f341', 5, 'REPLY', '2024-04-22 05:23:36.740414');
INSERT INTO user_record (id, user_id, request_id, record_type, update_at) VALUES (6, 'ab9ef73b-14bf-4031-a199-2ae67ce7f341', 6, 'REPLY', '2024-04-22 05:23:36.740414');
INSERT INTO user_record (id, user_id, request_id, record_type, update_at) VALUES (7, 'ab9ef73b-14bf-4031-a199-2ae67ce7f341', 7, 'VIEW', '2024-04-22 05:23:36.740414');
INSERT INTO user_record (id, user_id, request_id, record_type, update_at) VALUES (8, 'ab9ef73b-14bf-4031-a199-2ae67ce7f341', 8, 'VIEW', '2024-04-22 05:23:36.740414');
INSERT INTO user_record (id, user_id, request_id, record_type, update_at) VALUES (9, 'ab9ef73b-14bf-4031-a199-2ae67ce7f341', 9, 'LIKE', '2024-04-22 05:23:36.740414');
INSERT INTO user_record (id, user_id, request_id, record_type, update_at) VALUES (10, 'ab9ef73b-14bf-4031-a199-2ae67ce7f341', 10, 'LIKE', '2024-04-22 05:23:36.740414');
INSERT INTO user_record (id, user_id, request_id, record_type, update_at) VALUES (11, 'ab9ef73b-14bf-4031-a199-2ae67ce7f341', 1, 'SAVE', '2024-04-22 05:23:36.740414');
INSERT INTO user_record (id, user_id, request_id, record_type, update_at) VALUES (12, 'ab9ef73b-14bf-4031-a199-2ae67ce7f341', 2, 'SAVE', '2024-04-22 05:23:36.740414');
INSERT INTO user_record (id, user_id, request_id, record_type, update_at) VALUES (13, 'ab9ef73b-14bf-4031-a199-2ae67ce7f341', 3, 'REQUEST', '2024-04-22 05:23:36.740414');
INSERT INTO user_record (id, user_id, request_id, record_type, update_at) VALUES (14, 'ab9ef73b-14bf-4031-a199-2ae67ce7f341', 4, 'REQUEST', '2024-04-22 05:23:36.740414');
INSERT INTO user_record (id, user_id, request_id, record_type, update_at) VALUES (15, 'ab9ef73b-14bf-4031-a199-2ae67ce7f341', 5, 'REPLY', '2024-04-22 05:23:36.740414');
INSERT INTO user_record (id, user_id, request_id, record_type, update_at) VALUES (16, 'ab9ef73b-14bf-4031-a199-2ae67ce7f341', 6, 'REPLY', '2024-04-22 05:23:36.740414');
INSERT INTO user_record (id, user_id, request_id, record_type, update_at) VALUES (17, 'ab9ef73b-14bf-4031-a199-2ae67ce7f341', 7, 'VIEW', '2024-04-22 05:23:36.740414');
INSERT INTO user_record (id, user_id, request_id, record_type, update_at) VALUES (18, 'ab9ef73b-14bf-4031-a199-2ae67ce7f341', 8, 'VIEW', '2024-04-22 05:23:36.740414');
INSERT INTO user_record (id, user_id, request_id, record_type, update_at) VALUES (19, 'ab9ef73b-14bf-4031-a199-2ae67ce7f341', 9, 'LIKE', '2024-04-22 05:23:36.740414');
INSERT INTO user_record (id, user_id, request_id, record_type, update_at) VALUES (20, 'ab9ef73b-14bf-4031-a199-2ae67ce7f341', 10, 'LIKE', '2024-04-22 05:23:36.740414');

-- User Preference

INSERT INTO user_preference (id, user_id, communities, interests, update_at) VALUES (1, 'ab9ef73b-14bf-4031-a199-2ae67ce7f341', '[1, 3, 5, 7, 9]', '[1, 3, 5, 7]', '2024-04-22 05:36:18.811157');

-- Treading

INSERT INTO trending (id, request_id, title, author, reply_num, date, update_at) VALUES (1, 1, 'Movie Night Suggestions', 'ab9ef73b-14bf-4031-a199-2ae67ce7f341', 65, '2024-04-22', '2024-04-22 05:36:18.811157');
INSERT INTO trending (id, request_id, title, author, reply_num, date, update_at) VALUES (2, 2, 'Exciting Sports News', 'ab9ef73b-14bf-4031-a199-2ae67ce7f341', 50, '2024-04-22', '2024-04-22 05:36:18.811157');
INSERT INTO trending (id, request_id, title, author, reply_num, date, update_at) VALUES (3, 3, 'New Music Releases', 'ab9ef73b-14bf-4031-a199-2ae67ce7f341', 24, '2024-04-22', '2024-04-22 05:36:18.811157');
INSERT INTO trending (id, request_id, title, author, reply_num, date, update_at) VALUES (4, 4, 'Delicious Recipe Ideas', 'ab9ef73b-14bf-4031-a199-2ae67ce7f341', 45, '2024-04-22', '2024-04-22 05:36:18.811157');
INSERT INTO trending (id, request_id, title, author, reply_num, date, update_at) VALUES (5, 5, 'Travel Destination Recommendations', 'ab9ef73b-14bf-4031-a199-2ae67ce7f341', 84, '2024-04-22', '2024-04-22 05:36:18.811157');
INSERT INTO trending (id, request_id, title, author, reply_num, date, update_at) VALUES (6, 6, 'Latest Technological Innovations', 'ab9ef73b-14bf-4031-a199-2ae67ce7f341', 5, '2024-04-22', '2024-04-22 05:36:18.811157');
INSERT INTO trending (id, request_id, title, author, reply_num, date, update_at) VALUES (7, 7, 'Artistic Creations Showcase', 'ab9ef73b-14bf-4031-a199-2ae67ce7f341', 26, '2024-04-22', '2024-04-22 05:36:18.811157');
INSERT INTO trending (id, request_id, title, author, reply_num, date, update_at) VALUES (8, 8, 'Fitness Tips and Tricks', 'ab9ef73b-14bf-4031-a199-2ae67ce7f341', 18, '2024-04-22', '2024-04-22 05:36:18.811157');
INSERT INTO trending (id, request_id, title, author, reply_num, date, update_at) VALUES (9, 9, 'Discussion on Soundtracks', 'ab9ef73b-14bf-4031-a199-2ae67ce7f341', 68, '2024-04-22', '2024-04-22 05:36:18.811157');
INSERT INTO trending (id, request_id, title, author, reply_num, date, update_at) VALUES (10, 10, 'Culinary Inspiration', 'ab9ef73b-14bf-4031-a199-2ae67ce7f341', 43, '2024-04-22', '2024-04-22 05:36:18.811157');
